분류,순위,제목
정치,1,"트럼프, 추가 대북제재 중지 공언…교착심화 막고 협상동력 포석(종합) "
정치,2,"北매체 ""美 상전 따르기만 하는 南…미련 못 버려""  "
정치,3,"與 ""환경부장관 구속영장 유감"" 野 ""블랙리스트 윗선 누구냐"" "
정치,4,"조경태 ""한국당 변해야 산다…황교안, 광주 직접 찾아가야"" "
정치,5,거품 꺼지는 러시아 무기…수출 경쟁서 한국 업체에 패배 
정치,6,"[이주의 논평]“한국당, 팩트로 뼈 때리니 아팠던 모양” "
정치,7,"이언주 ""반대한민국 방송하며 큰소리치는 KBS…수신료 거부해야"" "
정치,8,감옥가거나 해임건의 당하거나… 국방장관 4연속 수난사 
정치,9,"민주 ""김은경 영장청구 유감"" vs 한국 ""블랙리스트 윗선 밝혀야"" "
정치,10," 與 ""안희정은 여론 재판"" vs 野 ""박근혜 탄핵 무효""...정치권, 사법부 흔들기? "
경제,1,전국 휘발유·경유 가격 5주 연속↑…'본격 상승국면 진입' 
경제,2,"청소년 30% 스마트폰 '과의존'…""국가 인식·대책 미비"" 지적도 "
경제,3,갈수록 더 떨어지는 채소값…바닥이 안보인다 
경제,4,벼랑 끝에 선 도널드 트럼프의 운명 
경제,5,5년여 만에…일본 후쿠시마 수산물 다시 식탁에 오르나 
경제,6,"현대차 '팰리세이드',고객 76%가 상위트림 택한 이유는 "
경제,7,[강신우의 닥치Go]다이소 희귀템 ‘세탁기’로 빨래해보니 
경제,8,빈 원룸 수두룩...노원·은평·서대문 월세 '뚝뚝' 
경제,9,[전전궁금] 미국 금리인상 중단…내 대출 어찌할까 
경제,10," 쉐보레 트레버스 그리고 블레이저, 한국에서는 누가 더 어울릴까? "
사회,1,"전동킥보드 탔을 뿐인데, 무면허 운전이라고요? [소소韓 궁금증] "
사회,2,김학의 출국금지 전 피내사자 전환…사실상 수사 개시 
사회,3,이희진 형제 2년간 부가티 옥중 매각 시도…판매 당일 父母 피살 
사회,4,[해보니 시리즈 73] 전세보증금 못 준다는 집주인에게 내용증명 보내보니 
사회,5,"낮엔 단속 업무, 밤엔 성매매 알선…두 얼굴의 경찰관 "
사회,6,[단독]인천대교 주탑 인근 거대한 모래톱 포착 순간 
사회,7,"청주 노래방 비상구서 5명 3m 아래로 추락…""2명은 의식 없어"" "
사회,8,"승리 “정준영, 왜 안 말렸겠냐…‘그런 것 좀 하지마, 큰일 나’” "
사회,9,"'버닝썬 금고지기' 경리실장 돌연 해외 잠적…경찰, 행방 추적 "
사회,10," 정준영, 휴대전화 증거 인멸 정황 드러나 "
생활/문화,1,[날씨] 쌀쌀한 주말…오후 전국 요란한 비ㆍ눈 
생활/문화,2,"눈부신 김혜자의 또 다른 얼굴···""매일 죽음을 준비합니다"" "
생활/문화,3,"와글와글 ｜""서울대공원에서 음식물 쓰레기를 팔고 있습니다"" "
생활/문화,4,"[오늘 날씨] ""체감온도 뚝…전국 강풍 눈·비"" 건강 주의보 "
생활/문화,5,"[취재파일] 2070년대…개나리·진달래 축제는 2월에, 벚꽃축제는 3월에 열린다? "
생활/문화,6, 배우 이미숙 고 장자연 문건 의혹 “추가조사 받을 의향 있다”  
생활/문화,7,"달걀, 건강하게 잘 먹는 방법 "
생활/문화,8,'국민차''아빠차'를 거부한다…젊고 멋있어진 '신형 쏘나타' 
생활/문화,9,"[김지수의 인터스텔라] ""아! 눈부셔라, 우리가 사랑했던 시간들"" 김혜자 단독 인터뷰 "
생활/문화,10," ""진격의 거인 돼서 청와대 밟고 싶단 대사, 실제 세월호 때…"" "
세계,1,中장쑤 공단 폭발사고 희생자 60명 넘어…일대 폐허로 변해 
세계,2,"[월드피플+] 홀로 자폐아들 키우던 아빠, 사망 전 유언 문자 감동 "
세계,3,"중국, 서해에 ‘핵 타이타닉’ 착공…조선일보는 부럽다? "
세계,4,'우리'와 '그들'을 나누는 순간 비극은 시작됐다 
세계,5,"""트럼프 철회 대북제재는 다음주 예정된 미발표 제재"" "
세계,6,"美일리노이 트럭 전복, 새끼돼지 3천마리 고속도로변에 쏟아져 "
세계,7,"[이슈 컷] ""나는 멕시코 출신의 아기 엄마, 그리고 세계적인 지휘자입니다"" "
세계,8,"트럼프 ""대북 추가제재 철회 지시""…예정된 제재취소로 北달래기(종합3보) "
세계,9,"살만해진 인도 ""발리우드 춤 지겨워""···배곯는 댄서 늘어난다 "
세계,10, [특파원리포트] ‘늙어가는 중국’ 고민은 깊어가고… 
IT/과학,1, 똥이 약이라고?…대변이식으로 망가진 장 고친다  
IT/과학,2,초능력? 초시대? 5G 파헤치기 7문7답 
IT/과학,3,"이산화탄소 땅 밑 저장(CCS), 지열발전과 함께 영구중단될까 "
IT/과학,4,"""갤럭시A90, 노치 없는 대화면 선보인다"".. 팝업카메라 도입 유력 "
IT/과학,5,"""모텔몰카 생중계 사이트도 https""···기술 차단 안했다면... "
IT/과학,6,“5G 스마트폰요? 2년 뒤에나 사세요” 
IT/과학,7,"""5G폰으로는 LTE 못 쓰나요?""…5G 궁금증 5選 "
IT/과학,8,“첫 5G폰 갤S10 잡아라”...5G폰은 ‘韓中전’ 
IT/과학,9,"EU, 美의 '화웨이 5G장비 금지' 요청 묵살 "
IT/과학,10, 수면 부족→뇌세포 해마 고장→단기기억 상실→치매 
